{
  "eye": {
    "orientation": [
      -0.3024674952030182,
      -0.19414395093917847,
      0.6359013915061951,
      0.6829721927642822
    ],
    "magnitude": 0.5773502588272095,
    "position": [
      -249.33287048339844,
      187.14389038085938,
      271.9017333984375
    ]
  },
  "radius": 500,
  "type": "PERSPECTIVE"
}