{
  "eye": {
    "orientation": [
      -0.3978150188922882,
      -0.00527343712747097,
      -0.06713982671499252,
      0.9149905443191528
    ],
    "magnitude": 0.5773502588272095,
    "position": [
      113.41091918945312,
      401.8763122558594,
      287.45050048828125
    ]
  },
  "radius": 500,
  "type": "PERSPECTIVE"
}