{
  "eye": {
    "orientation": [
      -0.17115215957164764,
      -0.04854406416416168,
      0.5347034931182861,
      0.8261008858680725
    ],
    "magnitude": 0.5773502588272095,
    "position": [
      -2.598834991455078,
      204.4725799560547,
      368.9275207519531
    ]
  },
  "radius": 500,
  "type": "PERSPECTIVE"
}