{
  "eye": {
    "orientation": [
      -0.23632420599460602,
      -0.33001819252967834,
      0.7684534788131714,
      0.4946900010108948
    ],
    "magnitude": 0.5773502588272095,
    "position": [
      -155.32415771484375,
      -27.761146545410156,
      256.2964782714844
    ]
  },
  "radius": 500,
  "type": "PERSPECTIVE"
}