{
  "eye": {
    "orientation": [
      -0.35326087474823,
      0.21305985748767853,
      -0.08031423389911652,
      0.9073929190635681
    ],
    "magnitude": 0.5773502588272095,
    "position": [
      162.5459747314453,
      288.7856750488281,
      223.22891235351562
    ]
  },
  "radius": 500,
  "type": "PERSPECTIVE"
}