{
  "eye": {
    "orientation": [
      -0.14067892730236053,
      -0.4646450877189636,
      0.827315092086792,
      0.2826025187969208
    ],
    "magnitude": 0.5773502588272095,
    "position": [
      -100.04743194580078,
      -172.89437866210938,
      221.2276153564453
    ]
  },
  "radius": 500,
  "type": "PERSPECTIVE"
}