{
  "eye": {
    "orientation": [
      -0.4820922613143921,
      0.05326947197318077,
      -0.07171627134084702,
      0.8715539574623108
    ],
    "magnitude": 0.5773502588272095,
    "position": [
      133.57623291015625,
      348.6000061035156,
      155.14022827148438
    ]
  },
  "radius": 500,
  "type": "PERSPECTIVE"
}