{
  "eye": {
    "orientation": [
      -0.518538773059845,
      -0.026606392115354538,
      0.017748534679412842,
      0.854455828666687
    ],
    "magnitude": 0.5773502588272095,
    "position": [
      62.53091812133789,
      459.28546142578125,
      198.55311584472656
    ]
  },
  "radius": 500,
  "type": "PERSPECTIVE"
}